,Inflam_lympasia_minC20,Inflam_neutasia_minC20,TRD_AgeSmkEas_greS22,TRD_CigDayEas_greS22,TRD_DrnkWkEas_greS22,TRD_EA_twb,TRD_SmkCesEas_gre22,TRD_SmkInitEas_greS22,TRD_alb_twbbbj,TRD_alt_twbbbj,TRD_ast_twbbbj,TRD_bfr_twb,TRD_bmi_twbbbj,TRD_bun_twbbbj,TRD_cadasn_satK20,TRD_cardstrokeeas_aniM22,TRD_cr_twbbbj,TRD_crpasn_saoS21,TRD_dbp_twbbbj,TRD_fev_twb,TRD_fg_twbbbj,TRD_fvc_twb,TRD_ggt_twbbbj,TRD_hb_twbbbj,TRD_hba1c_twbbbj,TRD_hc_twb,TRD_hct_twbbbj,TRD_hdl_twbbbj,TRD_hr_twb,TRD_ht_twbasn,TRD_iscstrokeeas_aniM22,TRD_ldl_twbbbj,TRD_lvesstrokeeas_aniM22,TRD_malb_twb,TRD_mddasi_olgG21,TRD_plt_twbbbj,TRD_rbc_twbbbj,TRD_sbp_twbbbj,TRD_sczasn_maxL19,TRD_strokeeas_aniM22,TRD_svesstrokeeas_aniM22,TRD_t2d_twbasn,TRD_tbil_twbbbj,TRD_tc_twbbbj,TRD_ua_twbbbj,TRD_wbc_twbbbj,TRD_wc_twb,TRD_whr_twb,TRD_wt_twbbbj,TRD_tg_twbbbj
Inflam_lympasia_minC20,0.007375172354258987,0.0017960180583242499,-9.289564100361748e-05,0.0008753860442258552,0.00017622339072022848,-0.0009024132147507805,0.0017878480558901064,0.0010493706465470505,0.0006703752654955355,0.0027914290606257577,0.001781442633312862,0.0030879460475548176,0.004179496439167682,0.00021077930747754405,0.00027315625425296735,0.000510679133035037,0.0002789350481738768,0.000756114300929735,0.0017316166095935996,-0.0006108996741162793,0.0011193731128922803,-0.00033588286283027844,0.003319360271405669,0.0010702318140049106,0.0024102051831842615,0.001579732299847415,0.000964134390879179,-0.0026701577310932756,0.00018438241664976438,-0.0030963967380163975,0.0004549894078584715,0.0016690758486468805,0.00034162123861573716,0.0013393927260121597,-0.00013760784473554753,0.0037491984592938196,0.0005842778311060609,0.00206966204814456,-0.0002766085918694528,0.0006119691455621,0.00010892294682579073,0.0036908580631245616,-0.0024696310594332894,0.0011837480536825988,0.0021823649027288674,0.00943843748777872,0.001746984118459956,0.0013433893787612458,0.002500094824768541,0.003952880827240246
Inflam_neutasia_minC20,0.00179601805832425,0.00856312622387655,-0.0009839090719584703,0.0015008956280468848,-0.0005194199320457343,-0.0006920617406897632,0.0016800948079587527,0.0012867281623518772,0.00013655745500683423,0.0010275126330837635,-0.0006572140521933274,0.002982188517149485,0.0027720310355330647,0.00022443357411722822,0.0010681327781462717,0.0002850927231072723,0.0008917207722511999,0.00123205170432848,0.0015318821606022496,-2.5667475949646167e-05,0.0014752635454197583,-0.0005113342975479259,0.0012273853262972255,0.0023416400130513155,0.0016047062254812908,0.001110635917159743,0.002410162084928602,-0.004554233969024215,0.0009268512060378413,-0.0034028160473228387,0.0005559712358339977,-0.00033583150310703393,-0.000588752289168175,0.001420386354745116,-0.00039658729805803783,0.006329344982529997,0.003169832036968494,0.002569004625493565,-0.0003559186165881582,0.0006328547766498914,0.0003911162495259577,0.0021270376665128723,-0.0015833350537823598,-0.0010736033856449702,0.002295341581160269,0.015377108960573425,0.001875727880295696,0.0017815935286407754,0.0009726877477551279,0.003489283815955323
TRD_AgeSmkEas_greS22,-9.289564100361749e-05,-0.0009839090719584703,0.0017578389596933227,1.1690946845763868e-05,-0.0004544723191473498,0.0012846310146359503,-0.0010077180188916312,-0.0021905964073774776,0.000972592683246206,0.0010265977415583208,0.0013360299422057811,-0.00022431659845030367,-0.0001794210600639123,-8.585465297948965e-05,-0.00034776392658547296,-0.0007456949659784369,-0.0004754940052940971,0.0001539647307985946,-0.0004450342185963743,-0.000456210856875805,0.0001230135787183547,-0.0004667127589430706,0.0009606751813063417,0.0004923501210278933,0.00041554848742464867,0.00033316446886976744,0.00035612299823631067,0.0003661675912868219,-2.462720306054559e-05,0.0014286527456940454,-6.76818366083355e-05,0.00012819172517604025,0.0006657555312474189,0.0002310166544257174,0.00016361312694616604,8.651734734783058e-05,0.0004511968345524014,-0.00024081942143381967,0.0007731530128830291,-0.0001611564122759086,0.0002923979331501378,2.065670739524188e-05,0.0008735523486439694,0.00033566651069393,-0.00048626826212051717,-0.00015493670996676362,0.0004914866631554956,0.0002893334677785484,0.00042690101620508267,-0.0004915037167569724
TRD_CigDayEas_greS22,0.0008753860442258553,0.0015008956280468846,1.1690946845763866e-05,0.005999503135916896,0.0002822444634299793,-0.0007331354749786825,0.0013870605669080067,0.0033471602881572442,-0.0007061135826828788,0.00027122635557322165,3.944173739306642e-05,0.0012442007406643293,0.002546891349095812,-0.0002733500121921236,0.0015513292038325836,0.000787050932993841,0.0006074037994452813,0.0001168975461980547,-0.0013196540224064371,-0.00010205122983946513,-0.0004997687564532219,-0.0003130400041072427,-0.00043162884601514307,-0.0005437840812116648,0.00041700667933228247,0.0010712650113146147,-0.0003360481624283023,-0.0029904001537229977,0.00040162908722263474,0.0008568587748928005,0.00024396411824897512,0.001016289429236095,0.00010362697449831177,0.0005624744520168996,-0.00012797222960381587,0.000998967391638897,0.0002599560653748806,-0.0006096738504449421,0.0009257293208287125,-6.0898349575193566e-05,-8.578755264890381e-05,0.0013136476237386567,-0.0014493668737932694,0.00028208937995845805,0.0005813646460810024,0.0019658389838725686,0.0011183861667478107,0.0007145566982120855,0.002617364212026304,0.0023482787229135082
TRD_DrnkWkEas_greS22,0.00017622339072022848,-0.0005194199320457343,-0.00045447231914734986,0.0002822444634299793,0.008467305052039567,-0.0011177193047338847,0.0018908639817144185,0.004233936807577347,0.00025508453202667894,0.0017021140133861657,0.0032836629128921,0.0005512559003602697,0.0014264572346400495,-0.0022838619422289787,-0.0025927793748969892,0.0004565591422033981,-0.0008867175696923588,0.0006461547084210468,0.0009008968855378695,0.0008396155759850542,0.0005459386914765897,0.0015770730780593504,0.005832182191358233,0.00018420459196168923,-0.002180571076639244,0.0005313285971907517,-0.0006804952102489999,0.0023557421152904747,-0.000991543532387808,0.0008797053447813,0.0013810127089736916,-0.0020367112130670892,0.0006464560248665619,-0.0001711374991404102,-0.00040459158443758496,-0.0033328435526438415,-0.002683771623229427,0.0012290559235484538,0.00010205102909594526,0.0012402341620391308,0.0002689247967934491,-0.00028945356187425064,0.00019994847137257485,-0.0009940510219055918,0.0031737418410787113,-0.0006399918223779443,0.00022884571674983202,-0.00012397396980932908,0.0016509993054803131,-0.0005878165594436292
TRD_EA_twb,-0.0009024132147507805,-0.0006920617406897631,0.0012846310146359503,-0.0007331354749786824,-0.0011177193047338847,0.00986432524661857,-0.0013352407039701295,-0.0042120438264414955,6.848873736799549e-06,1.6807340948156464e-05,0.0006295201425858433,-0.0032107353009195004,-0.003966205397655763,-0.0006058124074776488,-0.0018440910531923916,0.00021906155087810433,-0.0010301487858545135,-0.00116000304835934,-0.0017260104037583022,0.0006393587837376518,-0.001674934830889105,6.175363596315359e-05,-0.0011758822054191494,-1.2601310298418469e-05,-0.0010852758204824978,-0.0021328289096025736,-0.0005750011055102027,0.0037581529774285026,0.00027157826581354334,-0.00016955487931914043,-0.00016213878989646292,0.0001940857453698967,0.0003014824919272655,-0.0006300297317520446,0.0006845484684285671,-0.00023697312186651912,-0.000858690232742441,-0.002179270052956768,0.0023248358352620825,-0.00043381949763302474,-0.000229939530265937,-0.002433494805167009,0.0013503776682515162,0.0007661576754116217,-0.0013755522113683292,-0.0018836122790793835,-0.002769801437138535,-0.002207369654351535,-0.003461239447935106,-0.002642431997335764
TRD_SmkCesEas_gre22,0.0017878480558901064,0.0016800948079587527,-0.0010077180188916312,0.0013870605669080067,0.0018908639817144183,-0.0013352407039701293,0.0027904623639999817,0.004642313961320131,-0.0003059869036141785,0.0009681947104437795,-1.9820331517713333e-05,0.0022245076666184203,0.0029283878052364,-0.0006183413761464616,0.00015911513985643132,-0.0005811389797750912,0.0010540987463918206,0.0005370092835693114,-2.0266796618661267e-05,0.0004053796218704606,0.0006069269559662709,-4.926723455731402e-05,0.0016533524249734953,1.8617338627822893e-05,0.000489835664091891,0.001631858337345508,0.00038023505295761446,-0.0028324378298429514,0.00012839463627504694,-0.0009468997113491745,0.00035456361558883307,9.971696285448521e-05,0.0001122914756473044,0.00025111596961887797,-0.0006919327512332961,0.00010559988681827145,0.0002534068339139412,0.00031304938700952965,-0.0007678311452848562,0.000471358624210291,-0.00013852848571429166,0.0014464523743219942,-0.0016096078427305974,-0.0004212948889867337,0.0020928854706964454,0.002971433230835494,0.0015152611404316662,0.0007986233956661795,0.002242151945280473,0.0029567770893302973
TRD_SmkInitEas_greS22,0.0010493706465470505,0.0012867281623518772,-0.0021905964073774776,0.0033471602881572442,0.004233936807577346,-0.0042120438264414955,0.00464231396132013,0.01214010819277423,-0.001890371333051017,2.2948443126522544e-05,-5.3153097434985255e-05,0.0038289765489277635,0.004392784070846691,-0.0009665034283469621,0.0012668509996384659,-0.00012515807783036202,0.0018486781761679776,0.0008250217603962626,0.0021026672561494947,0.00090921216860847,0.0009197659392089831,0.0014828627187436134,0.002881652153719841,-0.0004846245127604381,0.0002989952882133375,0.0034340300901503766,-0.0008334484253470331,-0.0018873911659915595,-5.914046067092139e-05,0.002035237704705192,0.0009013679805458599,-0.0010384847590129026,0.0002437175909639917,0.0005076228291427102,-0.000555837690029038,0.001051566320689211,-0.0011696576157022884,0.002171507934982979,-0.0012466565337649895,0.0008772821408783204,0.000270047609105888,0.0027434992810986326,-0.002966046755839881,-0.0011648780576859307,0.0020733916012351575,0.002252880814336742,0.003147233632071288,0.001587581476885574,0.004969464938637124,0.00264039094017882
TRD_alb_twbbbj,0.0006703752654955354,0.0001365574550068342,0.0009725926832462059,-0.0007061135826828788,0.00025508453202667894,6.848873736799549e-06,-0.0003059869036141785,-0.001890371333051017,0.019020894096614293,0.004312314561847335,0.003370971618154811,-0.002338360687137934,-0.005272655708833881,0.0006489566029866976,0.00037356926031930466,-0.0006289300064654185,-0.0014577034560544163,-0.0012581265999525848,0.0018911502633256899,-0.0003984843059153069,0.002145000279127069,-0.0008257088644401127,0.004869077186819442,0.0009021379427920876,0.0009646593127877586,-0.004531632285681185,0.00022341198652908297,-0.00039546799153126057,0.0015699265347208329,-0.002632290811031606,0.0003205643283500974,0.002016743947672933,-0.0009963786197632835,0.0014102200257218606,0.00044250863089745373,0.0006373769345724177,0.0003798541720029242,0.0019908990302154672,-0.00025221104042245343,0.00035283905957589026,0.0006878691372490142,0.0020254213015556554,0.002159424312575938,0.0028059775806847814,0.002183689424630807,-2.4040549467344363e-05,-0.0026207352879722354,0.0003829709544715555,-0.005996559183513812,0.004914650579582041
TRD_alt_twbbbj,0.0027914290606257572,0.0010275126330837633,0.0010265977415583208,0.00027122635557322165,0.0017021140133861655,1.6807340948156464e-05,0.0009681947104437795,2.294844312652254e-05,0.004312314561847335,0.016945092044305818,0.012541967028800513,0.004288273985569074,0.006352245842285613,0.0008923169576246871,0.0009070939738001685,-0.0007377160971588214,-0.0004952178062235572,0.0007724238876888009,0.002487869012915826,-0.000439299356141622,0.003364715101456736,-0.0007010248351072883,0.011652677213459205,0.0034261453925807615,0.002791951434162226,0.002065233078671944,0.0024387471405466913,-0.0029788049970385236,0.00028080130672029674,-0.0041112160004338075,0.0005964442737574737,0.0018706402445329874,0.00036069534789703644,0.0011843806589892341,1.7465090263251222e-05,-0.0012087824122311295,0.0026972722674698663,0.0037384703129414495,-0.0007494777077972563,0.000525537344378859,0.0008376076230517995,0.007387831808926566,0.00026669406234218934,0.0015762639077977823,0.0031591003472164515,0.00260944851360007,0.004150432278678875,0.0045638942896044496,0.004233444744151006,0.0032116017367837535
TRD_ast_twbbbj,0.001781442633312862,-0.0006572140521933274,0.0013360299422057811,3.944173739306641e-05,0.0032836629128921,0.0006295201425858433,-1.9820331517713333e-05,-5.3153097434985255e-05,0.003370971618154811,0.012541967028800512,0.01795682691298935,0.0006967506909815515,0.0014628931510480678,0.0008095865986343517,-0.0003689941736177155,-0.0005803089760937869,0.0012720638040732612,0.0006013126931917794,0.0011215363485307635,-0.00016416342814346878,0.00033227926160463937,0.00011422755370873731,0.009984325747830702,0.001839980667231906,0.0003811380686307052,-0.00034266444169733676,0.0008796175404407419,0.0017705506654328107,-0.0008278319581444709,-0.004319101285116948,-4.310142447254286e-05,0.00105279761512527,0.00035377767751763043,-1.5511778435133384e-05,0.000651350687417254,-0.003257765521425022,-7.332643022253375e-06,0.0015597454731905598,-0.0006972207753419712,-0.00030603649473736916,0.000731548450456069,0.001792741641012445,0.0006821911661442374,0.00218685537711379,0.0034172791480706908,-0.0003597198841901134,0.0006907893572873264,0.001597293938032925,-0.00018276479397851567,0.00048122216472307953
TRD_bfr_twb,0.0030879460475548176,0.002982188517149485,-0.0002243165984503037,0.0012442007406643293,0.0005512559003602696,-0.0032107353009195004,0.0022245076666184203,0.0038289765489277635,-0.0023383606871379336,0.004288273985569073,0.0006967506909815515,0.015773371694418798,0.0244983040799101,0.0005672543558122682,0.002902177729893249,-0.00021360398364158765,0.0005408937152613835,0.002700298818806097,0.0044865323390021125,0.0001574881045556194,0.003976757787917118,0.0008073418218604567,0.004353481482220527,0.0007507020988313873,0.0054766905719505765,0.01374929031046597,0.0008562504179263086,-0.008859645138415658,-0.00021241065335449744,-0.002602900434217951,0.001595263588916437,0.001365709045090534,0.0013035112390575357,0.0021904141855763793,-0.0013485163040145938,0.0022703911434951256,0.002824553693889863,0.006105014148928719,-0.001995936849068736,0.0024372495178158187,0.0007345407437690691,0.011304570984774625,-0.0029364325201110737,-0.0007893440226920693,0.005732246355532128,0.005759861526932059,0.013565714436227767,0.007982471066582574,0.02129351131732933,0.006121257315741568
TRD_bmi_twbbbj,0.004179496439167682,0.0027720310355330647,-0.0001794210600639123,0.002546891349095812,0.0014264572346400495,-0.003966205397655762,0.0029283878052364,0.004392784070846691,-0.005272655708833881,0.006352245842285612,0.0014628931510480678,0.0244983040799101,0.04767114773123533,0.0013412920581090512,0.0036735692454519793,-0.0004391059587531425,0.003714279371275299,0.004670903523301315,0.008628038083093524,0.0010711770216208492,0.004756361244614782,0.002174273659996414,0.004909526808988571,0.00037859286092176316,0.005116957266572924,0.023935655908546863,0.00015685239206960911,-0.012836504175702208,-0.0010282016864812853,-0.0040777606105843675,0.0028024581216923466,0.0011464827192069103,0.001528047747797681,0.0038669274979626976,-0.0020321572478106415,0.00035668415396169806,0.0027956925286912997,0.009594807339673318,-0.002424009732727939,0.0034114535629483477,0.0013471783160854025,0.013632685941374803,-0.003852381763867789,-0.0026102863297162763,0.009021054758367385,0.0068468039612628205,0.02200458635957113,0.011303882239900991,0.04186472671831462,0.007991552450690739
TRD_bun_twbbbj,0.00021077930747754405,0.00022443357411722822,-8.585465297948963e-05,-0.0002733500121921236,-0.0022838619422289787,-0.0006058124074776488,-0.0006183413761464616,-0.0009665034283469621,0.0006489566029866975,0.0008923169576246871,0.0008095865986343517,0.0005672543558122683,0.0013412920581090512,0.021091640646159485,0.0018477373371027937,0.00011689072292827618,0.008529814996978212,0.001191512225415484,0.0018882501860314775,-0.0007871976221224738,0.0005995665188404042,-0.0009816399627999228,-0.001559125142563075,-0.0005998771324524567,0.002665981715429764,0.0002256186117788624,-0.0002986766032204381,-0.00209852430411034,-0.001795843142029032,0.0006446220100421659,-0.0001736290397970365,0.00021622993496236203,0.000493087448910674,0.0005480492355348096,-0.0008423157739022283,-0.0018324650590357137,-0.00018013105142543716,0.0015955251156611354,-0.000690521427322398,0.0003606746251711482,-0.0009490166443987184,0.002933665497992208,-0.0004219669875859413,0.0006940588855826298,0.0024032992645418253,0.0004455503358042335,0.0007135962441619045,0.0007034977261468567,0.0013284785066983236,0.0011559088697226372
TRD_cadasn_satK20,0.00027315625425296735,0.0010681327781462717,-0.00034776392658547296,0.0015513292038325838,-0.0025927793748969892,-0.0018440910531923914,0.00015911513985643132,0.0012668509996384657,0.00037356926031930466,0.0009070939738001685,-0.0003689941736177155,0.002902177729893249,0.0036735692454519793,0.0018477373371027937,0.012632149367050288,-0.0008067113877401531,0.002926472608208485,0.0007902347622905288,0.004174721127623904,-0.0005007474630664387,0.0016196332208168757,-0.0006988234465213796,-0.0005922960255916297,0.00027252514401168016,0.002583480945271583,0.0011774294521739918,0.0004132114046782416,-0.005721011692959808,0.0003665152527306301,-0.002624830863217042,0.0009119499190004715,0.003321396335683564,0.0010966798535763133,0.0010252071778935753,-9.392386243588951e-05,0.0010968238828847105,0.0020561938165737565,0.0059381817075615465,-0.000738602465588528,0.0014047431106034632,0.0004955171933033464,0.004536453216948417,-0.002271958860184619,0.001740924375712642,0.002729604767876047,0.0010167985303673624,0.00203396382101449,0.0018910740482613582,0.0022597192760548095,0.003913920622376436
TRD_cardstrokeeas_aniM22,0.0005106791330350371,0.0002850927231072723,-0.0007456949659784368,0.0007870509329938409,0.0004565591422033981,0.00021906155087810436,-0.0005811389797750912,-0.00012515807783036205,-0.0006289300064654185,-0.0007377160971588214,-0.000580308976093787,-0.00021360398364158762,-0.00043910595875314254,0.00011689072292827618,-0.0008067113877401531,0.0004281052198917244,0.0001403477602615733,0.0003174537575616797,-5.556743193600839e-05,6.169510628637792e-05,-0.0006167401421624686,0.00012366838048458135,-0.00027701391392325354,-0.0005518688719179571,-0.0009262791518095724,-0.00010695581566909605,-0.0005228665588797641,0.00020552070208538044,-0.00041636161424368437,0.0016566268833905094,0.0008711852480392019,-0.00043733576923360516,0.0005474180722131983,5.923858916293226e-05,-4.536825908800591e-05,0.0003807075115587213,-0.00090990690679225,0.0006338346181638158,-0.0009383731493492156,0.0008126047106267593,8.478980213002092e-05,-0.00046147686259450407,6.96228807426756e-05,-0.000348788885351323,0.0004289186555783503,0.0001338067730214008,-0.00038692754163767207,-0.0005475221043968215,4.865472374402936e-05,-5.715611922324005e-06
TRD_cr_twbbbj,0.0002789350481738768,0.0008917207722511998,-0.00047549400529409705,0.0006074037994452813,-0.0008867175696923588,-0.0010301487858545137,0.0010540987463918206,0.0018486781761679774,-0.0014577034560544163,-0.0004952178062235572,0.0012720638040732612,0.0005408937152613835,0.003714279371275299,0.008529814996978212,0.002926472608208485,0.0001403477602615733,0.03220155542099995,0.0008261318983010496,0.00229490226588524,0.0004044164247082891,0.0001327909114360769,0.0010707609953298446,-0.0009201092439766456,-0.0011383883520939741,0.0016822184900590121,0.001591253738815983,-0.0007330432328850036,-0.003918039354356923,-0.0029422720658128167,0.005894135193033827,0.00046065919884888363,0.00011450442642408138,0.0005532479887775223,-0.0028527333597482105,-0.0007043997701312566,-0.0028003832095573862,0.0006218942129263832,0.0017724008413856833,-0.0011348021405923655,0.0007121522912877174,0.00029812357468140817,0.000846712514812828,-0.001466127550746894,0.0005156568357684379,0.008671351626259703,0.0016359462840673047,0.0004354491498533593,-0.00057765611047023,0.005806395418840894,0.00376738053027923
TRD_crpasn_saoS21,0.000756114300929735,0.00123205170432848,0.0001539647307985946,0.00011689754619805468,0.0006461547084210468,-0.0011600030483593397,0.0005370092835693113,0.0008250217603962626,-0.001258126599952585,0.0007724238876888008,0.0006013126931917794,0.002700298818806097,0.004670903523301314,0.001191512225415484,0.0007902347622905288,0.0003174537575616797,0.0008261318983010496,0.0020055602044864724,0.0018187095054437387,-0.00010092719707331789,0.0006168624108522068,-0.0009557110942498776,0.004653889060170872,-0.000913536465356612,0.0012490582562487427,0.001865528025740298,-0.0007715027437178725,-0.003690445201898893,0.0002857300756166377,-0.0013425144340496536,0.000607701917457235,0.0007507157918853846,0.0006559988477694062,0.0010181367875787696,-0.00015999801260162432,0.0010261656570363267,0.00022626746459066056,0.0019509929977811714,-0.0002884877830098656,0.0005457546320434239,-8.960058001767948e-06,0.0025289038799442697,-0.001164955444495973,0.00017135545983092143,0.002835506774952209,0.0029226890850036565,0.0020550324596751916,0.0013725264581342428,0.0037247974471369023,0.0034979044116742646
TRD_dbp_twbbbj,0.0017316166095935996,0.0015318821606022496,-0.0004450342185963743,-0.0013196540224064371,0.0009008968855378695,-0.0017260104037583022,-2.0266796618661267e-05,0.0021026672561494947,0.0018911502633256899,0.002487869012915826,0.0011215363485307635,0.0044865323390021125,0.008628038083093523,0.0018882501860314775,0.004174721127623904,-5.556743193600839e-05,0.0022949022658852397,0.0018187095054437387,0.020191404111187895,0.0008498638643812157,0.002691495286135726,0.0009547621971914244,0.004252648179464766,0.0015705032080820232,0.0006536631191168752,0.00457716793201885,0.0011829432416616615,-0.002854844708495144,0.0023140186760899437,0.0026295966816077326,0.003267449028418891,-0.0010956046512912267,0.001460445323853985,0.0038051192403167856,-0.00028706133462856007,0.00010079514635114057,0.0023844903951123946,0.0182862881631374,-0.0011249227823296208,0.004404075502496996,0.0018438858966417716,0.004133232609635881,-0.0002328973934448348,-0.00199140157668771,0.005919257309996747,0.0026379210535660723,0.004707283254059207,0.002672905318513437,0.008694413719984138,0.0037314700800319773
TRD_fev_twb,-0.0006108996741162794,-2.5667475949646167e-05,-0.00045621085687580504,-0.00010205122983946513,0.0008396155759850541,0.0006393587837376518,0.0004053796218704606,0.00090921216860847,-0.0003984843059153069,-0.000439299356141622,-0.00016416342814346878,0.0001574881045556194,0.0010711770216208492,-0.0007871976221224737,-0.0005007474630664386,6.16951062863779e-05,0.0004044164247082891,-0.00010092719707331789,0.0008498638643812157,0.00333926977889159,0.0003916077948460447,0.005593455906503388,-0.0006481488939096016,-4.724906859627546e-05,-0.0004771440134063717,0.0022173124093176387,-0.0001041906840324898,9.205536893423449e-05,-7.666455234039244e-05,0.009882876794979583,0.00028791869574979736,-0.00016439255305883852,1.6664801703772404e-05,0.00014805373662787048,0.00012094814732538202,-0.000967621769773061,-0.0003910426728892421,-0.00021600859226491,-0.0005672389070548668,-8.653948983239289e-06,0.0003032860895840454,0.0005048064389421813,0.0002145380743701675,-1.3319801736320203e-05,0.000547322507949269,-0.0009408091998999171,0.001206909821091143,-0.0001467943418127934,0.005050891786635231,-0.0002593979805294246
TRD_fg_twbbbj,0.0011193731128922803,0.0014752635454197585,0.0001230135787183547,-0.0004997687564532219,0.0005459386914765897,-0.0016749348308891052,0.0006069269559662709,0.000919765939208983,0.0021450002791270693,0.003364715101456736,0.00033227926160463937,0.003976757787917118,0.004756361244614782,0.0005995665188404042,0.001619633220816876,-0.0006167401421624685,0.0001327909114360769,0.0006168624108522068,0.002691495286135726,0.0003916077948460447,0.016854277588055532,-0.00046219003361419944,0.003136486337760145,0.00017569759185589648,0.011512743113240728,0.002505898502306883,-0.00015178411742620537,-0.00494405414704077,0.0009952873989559417,0.0021498264699234613,0.0013118079687357536,-0.0003330849373136837,0.00094795145218647,0.0019285963503171152,-0.0007659043128777403,-0.00047161129225990246,0.0008335318981012114,0.00447807223055475,-0.0016220639155201495,0.001833230020640184,0.0007425938452449241,0.017759483046871274,-0.0003804297838809962,-0.0009216749724995314,0.0031575837736861367,0.002272049086555093,0.004136160912337218,0.004066975718166321,0.005159308832906207,0.004473867290504895
TRD_fvc_twb,-0.00033588286283027844,-0.0005113342975479258,-0.00046671275894307054,-0.0003130400041072427,0.0015770730780593504,6.17536359631536e-05,-4.9267234557314016e-05,0.0014828627187436136,-0.0008257088644401126,-0.0007010248351072883,0.00011422755370873732,0.0008073418218604566,0.002174273659996414,-0.0009816399627999228,-0.0006988234465213796,0.00012366838048458135,0.0010707609953298446,-0.0009557110942498775,0.0009547621971914244,0.005593455906503388,-0.0004621900336141995,0.010057135564840154,-0.0011605369971030319,-0.0002643737086661084,-0.0015818968291078078,0.0042823277292466135,-0.0004534562066237962,0.00044732024369379997,-0.0007830492628846757,0.017764120708776348,0.00032317118364256483,-0.0010825196655975015,0.00020244618118270524,-0.00030879167502350963,-0.0001610764313036983,-0.002278528991853429,-0.00103349906858608,-0.0005120196112010949,-0.0005821289349964622,0.0002071297501364817,0.0002966691799622663,-0.00011402146308038281,0.001189180995521287,-0.0004392004334102333,0.00035664152955473095,-0.0020994671580590162,0.0024214199289901775,-0.00034654771430384497,0.009175888599219145,-0.0004293943465145566
TRD_ggt_twbbbj,0.003319360271405669,0.0012273853262972255,0.0009606751813063417,-0.00043162884601514307,0.005832182191358233,-0.0011758822054191494,0.0016533524249734953,0.0028816521537198413,0.004869077186819441,0.011652677213459207,0.009984325747830702,0.004353481482220527,0.0049095268089885714,-0.0015591251425630748,-0.0005922960255916297,-0.00027701391392325354,-0.0009201092439766458,0.004653889060170873,0.004252648179464766,-0.0006481488939096017,0.003136486337760145,-0.0011605369971030316,0.03169691261290654,0.0020907061050875263,0.0026714095815952954,0.0014906204375565303,0.0008401299251348411,-0.0030530507181312856,5.950041242727419e-05,-0.003160955784397188,0.0017849229760156678,0.001625952415969318,0.0016001079794524297,0.0018025937121101338,-5.3233363556433714e-05,0.0012858496118871466,0.0007956078422033605,0.004745131324247473,-0.0007078729450547872,0.0018008138887636324,0.0012206422504809546,0.007138752931795195,-0.0003293837624380839,0.00291639559664522,0.008399512743628892,0.0034044270666276385,0.0040623117605991105,0.005141527866406763,0.0035041580701787194,0.008984724934517213
TRD_hb_twbbbj,0.0010702318140049106,0.002341640013051316,0.0004923501210278933,-0.0005437840812116648,0.00018420459196168923,-1.260131029841847e-05,1.8617338627822893e-05,-0.0004846245127604381,0.0009021379427920875,0.003426145392580761,0.0018399806672319062,0.0007507020988313873,0.0003785928609217632,-0.0005998771324524567,0.0002725251440116802,-0.0005518688719179572,-0.001138388352093974,-0.000913536465356612,0.001570503208082023,-4.724906859627545e-05,0.00017569759185589648,-0.0002643737086661084,0.0020907061050875263,0.019873712804278697,-0.0006587290795621576,-0.00015311152905288415,0.018795474284706973,-0.0013104655993869804,0.0023742656475657918,-0.001415120528857884,2.908836944780875e-05,0.00040666973428423153,-0.0010792433980512607,0.0002534842390614511,-0.00018968257874481535,-0.0028605788184860835,0.018030422430256283,-0.0004134347525077416,0.0008149904440100082,-0.00016449717602884514,0.0006346218081782845,0.002011558595697186,0.002751689856031829,-0.0014535928324060005,-0.0013805805430691432,0.0037622150924913234,0.000401656197463337,0.000819170986165843,-2.8805077478193663e-06,0.0004624455395848923
TRD_hba1c_twbbbj,0.002410205183184261,0.0016047062254812908,0.00041554848742464867,0.00041700667933228247,-0.002180571076639244,-0.0010852758204824978,0.000489835664091891,0.0002989952882133375,0.0009646593127877586,0.002791951434162226,0.0003811380686307052,0.0054766905719505765,0.005116957266572925,0.002665981715429764,0.002583480945271583,-0.0009262791518095724,0.0016822184900590121,0.0012490582562487424,0.0006536631191168751,-0.0004771440134063717,0.01151274311324073,-0.0015818968291078078,0.002671409581595296,-0.0006587290795621575,0.02105828109938984,0.003020498553152189,-3.4749899011267125e-05,-0.006203562874321078,0.0013829250316779171,0.0003121465971283614,0.00011977090286025745,0.003022895047889367,0.0008749476570102791,0.0014950243303612125,-0.0010224399028746182,0.003802398101085884,0.0027607066245302165,0.0019470734232843229,-0.001230997813259669,0.0007986516253489933,-0.00019701531990129692,0.02073940030517331,-0.003661361405290293,0.0022923731966174583,0.003285714008831819,0.003984014801797438,0.005052539064837168,0.005011627231312668,0.004678414139629761,0.006158299793475423
TRD_hc_twb,0.0015797322998474153,0.001110635917159743,0.0003331644688697674,0.0010712650113146149,0.0005313285971907517,-0.0021328289096025736,0.001631858337345508,0.0034340300901503766,-0.004531632285681185,0.002065233078671944,-0.00034266444169733676,0.01374929031046597,0.023935655908546863,0.00022561861177886237,0.0011774294521739918,-0.00010695581566909605,0.001591253738815983,0.0018655280257402981,0.00457716793201885,0.0022173124093176387,0.002505898502306883,0.0042823277292466135,0.0014906204375565303,-0.00015311152905288415,0.003020498553152189,0.018900904819539457,0.00029048634537059433,-0.005307780585510283,-0.0009843697659605388,0.01781862128013571,0.0012439986146174824,0.00010965669726641023,0.001006719247367989,0.0017633066789558346,-0.0005491485491814714,-0.00024527981469006947,0.0017152281234593864,0.0046815893887862045,-0.0017501677382100328,0.0017783528490821535,0.0005741967777013617,0.007573289108619681,-0.001217133633963858,-0.0015041877208703122,0.004446942947218595,0.00287095933747147,0.01419755331264161,0.003951934328187467,0.02873393419985971,0.002285783397128786
TRD_hct_twbbbj,0.0009641343908791789,0.002410162084928602,0.00035612299823631067,-0.0003360481624283023,-0.000680495210249,-0.0005750011055102027,0.00038023505295761446,-0.000833448425347033,0.00022341198652908295,0.0024387471405466917,0.000879617540440742,0.0008562504179263086,0.00015685239206960911,-0.00029867660322043806,0.0004132114046782417,-0.0005228665588797641,-0.0007330432328850037,-0.0007715027437178725,0.0011829432416616615,-0.00010419068403248982,-0.00015178411742620537,-0.0004534562066237962,0.000840129925134841,0.018795474284706973,-3.4749899011267125e-05,0.00029048634537059433,0.01984204052132199,-0.000675830169517922,0.0020214386783668757,-0.0001731419334578605,-2.4790890077364736e-05,0.0006591411766637004,-0.0007630345467243047,5.8700589333854196e-05,-0.0005102767709758319,-0.0015563193049241218,0.01963471894561146,-0.0005843404883071339,0.000663106054936115,-0.00016612397169028375,0.00046350853815236984,0.0014627561458561108,0.0018312485092327902,-0.0005887661295634379,-0.0019760799335280257,0.004262572833994956,0.00045405388101915157,0.0005519563715650014,0.00030474089792057216,0.000282110106267254
TRD_hdl_twbbbj,-0.0026701577310932756,-0.0045542339690242154,0.0003661675912868219,-0.0029904001537229977,0.002355742115290475,0.003758152977428502,-0.0028324378298429514,-0.0018873911659915592,-0.00039546799153126057,-0.0029788049970385236,0.001770550665432811,-0.008859645138415658,-0.012836504175702208,-0.0020985243041103394,-0.005721011692959809,0.00020552070208538044,-0.003918039354356923,-0.003690445201898893,-0.0028548447084951445,9.205536893423449e-05,-0.00494405414704077,0.0004473202436937999,-0.003053050718131286,-0.0013104655993869804,-0.006203562874321079,-0.005307780585510283,-0.000675830169517922,0.03512439781731372,-0.0017879398385669445,0.0005055197539819178,-0.0002217890040502722,0.0029822304992108673,-0.0004412983338807906,-0.0022012766741056553,0.0017903308929780684,-0.0015872417738499716,-0.0051105792340866325,-0.004604946930465831,0.0030912102644103517,-0.0008162763270958093,-0.00024239181824063378,-0.011598954130476357,0.0036581745306627773,0.009523999993960667,-0.008996055729914937,-0.007510560360254909,-0.007878366407215913,-0.007174099928505852,-0.01128661657347424,-0.020423911646638235
TRD_hr_twb,0.00018438241664976438,0.0009268512060378413,-2.4627203060545588e-05,0.00040162908722263474,-0.0009915435323878082,0.00027157826581354334,0.00012839463627504694,-5.914046067092139e-05,0.0015699265347208329,0.0002808013067202968,-0.0008278319581444708,-0.0002124106533544974,-0.0010282016864812853,-0.001795843142029032,0.0003665152527306301,-0.0004163616142436844,-0.0029422720658128167,0.0002857300756166377,0.002314018676089944,-7.666455234039244e-05,0.0009952873989559415,-0.0007830492628846758,5.950041242727419e-05,0.0023742656475657918,0.0013829250316779171,-0.000984369765960539,0.0020214386783668757,-0.0017879398385669445,0.010256403774443602,-0.001936387087611932,0.00029501204493448196,0.0007081510646642566,1.5355727391885407e-05,0.0015880961541676942,0.0006921970149999074,0.0022465685335893533,0.0026286147748143963,-0.00018466686096476421,-0.00018759192460472847,0.0003305038928279883,0.00010239740075645771,0.0020898910282404403,-0.0003998822354496213,0.00044041767339557424,-0.00011763934473385152,0.0013840205654699024,0.00048049964370822286,0.0017237812889168808,-0.0017480077920440406,0.002519585062382698
TRD_ht_twbasn,-0.0030963967380163975,-0.0034028160473228383,0.0014286527456940457,0.0008568587748928004,0.0008797053447813,-0.00016955487931914043,-0.0009468997113491746,0.002035237704705192,-0.002632290811031606,-0.0041112160004338075,-0.004319101285116949,-0.002602900434217951,-0.0040777606105843675,0.0006446220100421657,-0.002624830863217042,0.0016566268833905094,0.005894135193033827,-0.0013425144340496536,0.0026295966816077326,0.009882876794979583,0.0021498264699234613,0.017764120708776348,-0.0031609557843971874,-0.0014151205288578839,0.0003121465971283614,0.01781862128013571,-0.00017314193345786046,0.0005055197539819179,-0.001936387087611932,0.11657708513122356,-0.0001864876435188955,-0.004879301712976552,0.0010912335824800248,0.0006745312844863005,0.0003861085653908426,-0.007933680547682042,-0.0006414581248793054,4.669380566478037e-05,-0.0010070789918774814,-0.0006583281272985115,-0.0005501588204422483,0.0012098914550550796,0.004205578120261111,-0.0040504627661843975,0.0007505046591594755,-0.006951497400254346,0.009678491061702555,-0.0017662866659044372,0.04209555145486695,-0.0031714389883136843
TRD_iscstrokeeas_aniM22,0.0004549894078584715,0.0005559712358339976,-6.76818366083355e-05,0.00024396411824897514,0.0013810127089736916,-0.00016213878989646292,0.00035456361558883307,0.00090136798054586,0.0003205643283500974,0.0005964442737574737,-4.310142447254286e-05,0.001595263588916437,0.0028024581216923466,-0.0001736290397970365,0.0009119499190004715,0.0008711852480392018,0.00046065919884888363,0.000607701917457235,0.003267449028418891,0.0002879186957497974,0.0013118079687357536,0.00032317118364256483,0.0017849229760156678,2.908836944780875e-05,0.00011977090286025744,0.0012439986146174824,-2.4790890077364733e-05,-0.00022178900405027223,0.00029501204493448196,-0.0001864876435188955,0.003683001632748786,-0.00043887664342837904,0.0022594981953844963,0.0007886759150911248,0.00024566636391574467,0.00018002070641033382,6.6416608608744855e-06,0.004065848765992457,0.00025060280733721097,0.0038784934521259276,0.001799199527797121,0.002087256354834188,0.0003308056452918657,-0.000631350272523593,0.0016018547604205932,0.0007077110869895339,0.0012499221007928392,0.0007870505948919668,0.002541643440165426,0.0009744316765573545
TRD_ldl_twbbbj,0.0016690758486468803,-0.0003358315031070339,0.00012819172517604025,0.001016289429236095,-0.0020367112130670892,0.0001940857453698967,9.971696285448521e-05,-0.0010384847590129023,0.002016743947672933,0.0018706402445329874,0.00105279761512527,0.001365709045090534,0.0011464827192069103,0.000216229934962362,0.003321396335683564,-0.00043733576923360516,0.00011450442642408138,0.0007507157918853846,-0.0010956046512912267,-0.00016439255305883852,-0.0003330849373136837,-0.0010825196655975015,0.001625952415969318,0.00040666973428423153,0.0030228950478893664,0.00010965669726641023,0.0006591411766637005,0.0029822304992108673,0.0007081510646642566,-0.004879301712976552,-0.00043887664342837904,0.0176719806247146,0.0006201092640286143,0.00031392042621204464,0.000155935452144192,0.005377800063238736,0.0017070245305716883,-0.001448344701917431,0.0004187654145193812,0.00022728486224746748,4.702001357931829e-05,0.0014081620248962117,-0.0004720805230880769,0.018677213403700155,-0.00045850239395410383,-0.0002942898340980829,0.0006997325347140146,0.0009802760187176518,-0.0010128319037615468,0.00426667430408935
TRD_lvesstrokeeas_aniM22,0.00034162123861573716,-0.000588752289168175,0.0006657555312474187,0.00010362697449831177,0.0006464560248665619,0.0003014824919272656,0.0001122914756473044,0.00024371759096399173,-0.0009963786197632835,0.00036069534789703644,0.00035377767751763043,0.0013035112390575357,0.001528047747797681,0.000493087448910674,0.0010966798535763133,0.0005474180722131982,0.0005532479887775223,0.0006559988477694062,0.001460445323853985,1.6664801703772404e-05,0.0009479514521864698,0.00020244618118270527,0.0016001079794524297,-0.0010792433980512607,0.000874947657010279,0.001006719247367989,-0.0007630345467243047,-0.00044129833388079065,1.535572739188541e-05,0.0010912335824800248,0.0022594981953844968,0.0006201092640286143,0.0008839044595836177,0.0002493949999171692,6.6101525168749765e-06,0.0001137535828412706,-0.0006192888432397761,0.0023207181255454155,0.00013259019035832494,0.002059963147835237,0.0013231865242505985,0.0012146457249042723,0.00012698971293865442,0.0008392523514124309,0.0015227216893969244,-0.00018397547861899018,0.0015555878205871568,0.0014429100194282378,0.001974317996778527,0.0014403161103327719
TRD_malb_twb,0.0013393927260121597,0.001420386354745116,0.00023101665442571738,0.0005624744520168996,-0.00017113749914041024,-0.0006300297317520446,0.00025111596961887797,0.0005076228291427102,0.0014102200257218608,0.0011843806589892341,-1.5511778435133384e-05,0.0021904141855763793,0.0038669274979626976,0.0005480492355348096,0.0010252071778935753,5.9238589162932245e-05,-0.00285273335974821,0.0010181367875787696,0.0038051192403167856,0.00014805373662787045,0.0019285963503171152,-0.00030879167502350963,0.001802593712110134,0.00025348423906145103,0.0014950243303612125,0.0017633066789558348,5.8700589333854196e-05,-0.0022012766741056553,0.0015880961541676942,0.0006745312844863005,0.0007886759150911248,0.00031392042621204464,0.00024939499991716914,0.005955401843335604,0.00046030527537802696,0.001753367459501822,0.0005236281247452334,0.004242621261147486,-8.740649397850785e-05,0.0012409300157461178,0.00020209913393182523,0.003831378287362712,-0.00029992129970119136,-0.0003747342305133989,-0.0005861194734297146,0.0025235812699016986,0.0023552421762100956,0.0017976715739478487,0.003622144917224251,0.0026607317351449687
TRD_mddasi_olgG21,-0.00013760784473554753,-0.0003965872980580378,0.00016361312694616604,-0.00012797222960381587,-0.000404591584437585,0.0006845484684285671,-0.0006919327512332961,-0.000555837690029038,0.0004425086308974537,1.7465090263251226e-05,0.000651350687417254,-0.0013485163040145936,-0.0020321572478106415,-0.0008423157739022282,-9.392386243588951e-05,-4.536825908800591e-05,-0.0007043997701312566,-0.00015999801260162432,-0.00028706133462856007,0.00012094814732538202,-0.0007659043128777402,-0.00016107643130369828,-5.323336355643372e-05,-0.00018968257874481538,-0.0010224399028746182,-0.0005491485491814714,-0.0005102767709758319,0.0017903308929780681,0.0006921970149999075,0.0003861085653908426,0.00024566636391574467,0.00015593545214419202,6.6101525168749765e-06,0.0004603052753780269,0.001469473126187357,-0.00023813382413821307,-0.0008747070429154423,-0.0008358779926641889,0.0022125047113116768,0.0003384656495726606,-8.600929939170896e-05,-0.001200748034786497,0.0009043610748773488,0.00041528924964202586,-0.0009796220381650656,-0.0005933660794334032,-0.0008668053159441685,-0.0007522216063213547,-0.0016081458098911596,-0.0013329313406210423
TRD_plt_twbbbj,0.0037491984592938196,0.006329344982529996,8.651734734783058e-05,0.000998967391638897,-0.003332843552643842,-0.00023697312186651915,0.00010559988681827144,0.001051566320689211,0.0006373769345724177,-0.0012087824122311295,-0.003257765521425022,0.002270391143495126,0.00035668415396169806,-0.0018324650590357137,0.0010968238828847105,0.0003807075115587213,-0.0028003832095573862,0.0010261656570363267,0.00010079514635114057,-0.0009676217697730612,-0.00047161129225990246,-0.002278528991853429,0.0012858496118871466,-0.0028605788184860835,0.0038023981010858834,-0.00024527981469006947,-0.0015563193049241218,-0.0015872417738499716,0.0022465685335893533,-0.007933680547682044,0.00018002070641033382,0.005377800063238736,0.00011375358284127059,0.0017533674595018218,-0.00023813382413821307,0.04620456000688225,-0.0004508839223243293,0.0012477165863866014,-9.63702416174948e-05,0.0008275703431813961,-0.00028875878558205705,0.0003258596700040035,-0.00530064964760644,0.004469109173652242,-0.000991068814564093,0.011338099632699866,0.0009887132626110468,0.0017663461173377326,-0.002865993676065964,0.004768843126487197
TRD_rbc_twbbbj,0.0005842778311060609,0.0031698320369684934,0.0004511968345524014,0.0002599560653748806,-0.002683771623229427,-0.0008586902327424412,0.0002534068339139412,-0.0011696576157022884,0.0003798541720029242,0.0026972722674698663,-7.332643022253375e-06,0.0028245536938898627,0.0027956925286912997,-0.00018013105142543716,0.0020561938165737565,-0.0009099069067922502,0.0006218942129263832,0.0002262674645906606,0.0023844903951123946,-0.0003910426728892421,0.0008335318981012114,-0.00103349906858608,0.0007956078422033604,0.01803042243025628,0.0027607066245302165,0.0017152281234593867,0.019634718945611463,-0.0051105792340866325,0.0026286147748143963,-0.0006414581248793054,6.6416608608744855e-06,0.001707024530571688,-0.000619288843239776,0.0005236281247452334,-0.0008747070429154424,-0.00045088392232432923,0.03326970723993524,0.0009201798932879668,0.0002754554636664506,0.0001821049737655741,0.00029911770322669736,0.0035911888509298187,0.0007088857782090262,-0.0002746827035199781,-0.0005834709065601758,0.004905907343447089,0.0023958319359859664,0.002080379880509562,0.002603532060948163,0.0038199069125064524
TRD_sbp_twbbbj,0.00206966204814456,0.002569004625493565,-0.00024081942143381967,-0.0006096738504449423,0.001229055923548454,-0.0021792700529567684,0.00031304938700952965,0.0021715079349829787,0.0019908990302154672,0.0037384703129414495,0.0015597454731905598,0.006105014148928719,0.009594807339673316,0.0015955251156611354,0.005938181707561546,0.0006338346181638158,0.0017724008413856835,0.0019509929977811714,0.018286288163137404,-0.00021600859226491,0.00447807223055475,-0.000512019611201095,0.004745131324247472,-0.0004134347525077416,0.0019470734232843229,0.004681589388786204,-0.0005843404883071338,-0.004604946930465831,-0.00018466686096476421,4.669380566478037e-05,0.004065848765992458,-0.001448344701917431,0.0023207181255454155,0.004242621261147485,-0.0008358779926641889,0.0012477165863866017,0.0009201798932879668,0.023089808550981732,-0.0015973673445702945,0.005142889370450375,0.0020515967393878675,0.006749412636230199,-0.0021584581212076757,-0.0022136005356213104,0.006435765290793879,0.004243279152106154,0.005734586452112897,0.004103850174968526,0.00840421652172869,0.0052259709262108146
TRD_sczasn_maxL19,-0.0002766085918694528,-0.00035591861658815823,0.000773153012883029,0.0009257293208287125,0.00010205102909594526,0.0023248358352620825,-0.0007678311452848562,-0.0012466565337649897,-0.00025221104042245343,-0.0007494777077972563,-0.0006972207753419712,-0.001995936849068736,-0.002424009732727939,-0.000690521427322398,-0.0007386024655885279,-0.0009383731493492156,-0.0011348021405923653,-0.0002884877830098656,-0.001124922782329621,-0.0005672389070548668,-0.0016220639155201497,-0.0005821289349964621,-0.0007078729450547873,0.000814990444010008,-0.001230997813259669,-0.001750167738210033,0.0006631060549361151,0.0030912102644103517,-0.00018759192460472847,-0.0010070789918774812,0.0002506028073372109,0.00041876541451938115,0.00013259019035832494,-8.740649397850783e-05,0.0022125047113116768,-9.63702416174948e-05,0.0002754554636664506,-0.0015973673445702945,0.013919827825364932,-7.361973793422714e-06,0.0003216224915190111,-0.0013749606030503772,0.0005361736333842249,0.0012020186555511036,-0.0010162619261242139,-0.00081646272919745,-0.0012391935637018916,-0.0002269055650957621,-0.002211184607861533,-0.001020521472042519
TRD_strokeeas_aniM22,0.0006119691455621,0.0006328547766498914,-0.00016115641227590856,-6.0898349575193566e-05,0.0012402341620391308,-0.0004338194976330248,0.00047135862421029094,0.0008772821408783202,0.00035283905957589026,0.0005255373443788591,-0.0003060364947373691,0.0024372495178158187,0.0034114535629483477,0.00036067462517114826,0.001404743110603463,0.0008126047106267593,0.0007121522912877174,0.0005457546320434237,0.004404075502496996,-8.653948983239289e-06,0.001833230020640184,0.00020712975013648167,0.0018008138887636324,-0.00016449717602884514,0.0007986516253489934,0.0017783528490821535,-0.00016612397169028375,-0.0008162763270958094,0.0003305038928279883,-0.0006583281272985115,0.0038784934521259276,0.0002272848622474675,0.002059963147835237,0.0012409300157461178,0.0003384656495726606,0.0008275703431813961,0.00018210497376557413,0.005142889370450375,-7.3619737934227144e-06,0.00389362992236737,0.0019337560945660087,0.002799994900298838,-5.036143870961345e-05,-0.0001073930325128574,0.0017763755887678524,0.0011888482509719396,0.0019450758334493123,0.001345743761138412,0.0028084650149854174,0.001450073061136006
TRD_svesstrokeeas_aniM22,0.00010892294682579074,0.0003911162495259577,0.0002923979331501378,-8.578755264890381e-05,0.0002689247967934491,-0.000229939530265937,-0.00013852848571429166,0.000270047609105888,0.0006878691372490142,0.0008376076230517995,0.000731548450456069,0.0007345407437690692,0.0013471783160854025,-0.0009490166443987185,0.0004955171933033464,8.478980213002092e-05,0.00029812357468140817,-8.960058001767948e-06,0.0018438858966417716,0.0003032860895840454,0.0007425938452449241,0.0002966691799622663,0.0012206422504809546,0.0006346218081782845,-0.00019701531990129695,0.0005741967777013616,0.00046350853815236984,-0.0002423918182406338,0.00010239740075645771,-0.0005501588204422483,0.001799199527797121,4.702001357931828e-05,0.0013231865242505987,0.00020209913393182523,-8.600929939170897e-05,-0.000288758785582057,0.0002991177032266973,0.0020515967393878675,0.0003216224915190111,0.0019337560945660087,0.0012764678608240421,0.001480648367767012,7.985183187930308e-05,0.0004781936944793129,0.000911748032718115,0.0001619225058102048,0.0006633828539860158,0.0005368361677376225,0.0009905319689933801,0.0011059938728837293
TRD_t2d_twbasn,0.0036908580631245616,0.0021270376665128727,2.0656707395241878e-05,0.0013136476237386567,-0.00028945356187425064,-0.002433494805167009,0.0014464523743219944,0.0027434992810986326,0.0020254213015556554,0.007387831808926566,0.001792741641012445,0.011304570984774625,0.013632685941374803,0.0029336654979922076,0.004536453216948417,-0.000461476862594504,0.000846712514812828,0.0025289038799442697,0.004133232609635882,0.0005048064389421814,0.017759483046871274,-0.00011402146308038278,0.007138752931795196,0.0020115585956971857,0.02073940030517331,0.007573289108619682,0.0014627561458561108,-0.011598954130476355,0.0020898910282404403,0.0012098914550550796,0.002087256354834188,0.0014081620248962117,0.0012146457249042723,0.003831378287362712,-0.001200748034786497,0.0003258596700040035,0.0035911888509298187,0.006749412636230199,-0.0013749606030503772,0.002799994900298838,0.001480648367767012,0.035908429722392964,-0.002870552366435901,-0.0001659792548289369,0.005844948426821774,0.005588914830622464,0.011003890193506716,0.00980675777844536,0.012784345662732358,0.009549921266490055
TRD_tbil_twbbbj,-0.002469631059433289,-0.0015833350537823598,0.0008735523486439694,-0.0014493668737932696,0.00019994847137257482,0.0013503776682515162,-0.0016096078427305972,-0.002966046755839881,0.0021594243125759374,0.00026669406234218934,0.0006821911661442374,-0.0029364325201110737,-0.0038523817638677895,-0.0004219669875859413,-0.002271958860184619,6.96228807426756e-05,-0.001466127550746894,-0.001164955444495973,-0.00023289739344483477,0.0002145380743701675,-0.00038042978388099625,0.001189180995521287,-0.0003293837624380839,0.002751689856031829,-0.003661361405290293,-0.0012171336339638578,0.0018312485092327902,0.0036581745306627778,-0.0003998822354496213,0.00420557812026111,0.0003308056452918658,-0.0004720805230880769,0.00012698971293865444,-0.00029992129970119136,0.0009043610748773488,-0.005300649647606439,0.0007088857782090262,-0.0021584581212076757,0.0005361736333842249,-5.036143870961345e-05,7.985183187930308e-05,-0.002870552366435901,0.015417532505163253,-0.00023278126017132632,-0.0026694067168188886,-0.0035366201288687974,-0.001779348923856177,-0.0015158099885959463,-0.0017956938760499282,-0.0029583803689927743
TRD_tc_twbbbj,0.0011837480536825988,-0.0010736033856449702,0.00033566651069393,0.00028208937995845805,-0.0009940510219055916,0.0007661576754116217,-0.00042129488898673363,-0.0011648780576859307,0.0028059775806847814,0.0015762639077977823,0.00218685537711379,-0.0007893440226920693,-0.0026102863297162763,0.0006940588855826298,0.001740924375712642,-0.000348788885351323,0.000515656835768438,0.00017135545983092143,-0.00199140157668771,-1.3319801736320203e-05,-0.0009216749724995314,-0.0004392004334102333,0.00291639559664522,-0.0014535928324060003,0.0022923731966174583,-0.001504187720870312,-0.0005887661295634379,0.009523999993960667,0.0004404176733955742,-0.0040504627661843975,-0.000631350272523593,0.018677213403700155,0.000839252351412431,-0.0003747342305133989,0.0004152892496420258,0.004469109173652242,-0.0002746827035199781,-0.0022136005356213104,0.0012020186555511036,-0.00010739303251285742,0.00047819369447931295,-0.0001659792548289369,-0.00023278126017132632,0.023613561585813275,-0.000757934219435367,-0.0015937736395248267,-0.0009999366297072701,-7.427885748930123e-05,-0.0038447855856229398,0.005624502291031732
TRD_ua_twbbbj,0.002182364902728867,0.002295341581160269,-0.00048626826212051717,0.0005813646460810024,0.003173741841078711,-0.0013755522113683292,0.002092885470696445,0.002073391601235157,0.0021836894246308075,0.003159100347216451,0.0034172791480706908,0.005732246355532128,0.009021054758367385,0.0024032992645418253,0.0027296047678760475,0.00042891865557835026,0.008671351626259703,0.0028355067749522094,0.005919257309996748,0.000547322507949269,0.0031575837736861367,0.0003566415295547309,0.008399512743628892,-0.0013805805430691432,0.0032857140088318193,0.004446942947218595,-0.0019760799335280257,-0.008996055729914937,-0.00011763934473385153,0.0007505046591594755,0.0016018547604205932,-0.00045850239395410383,0.0015227216893969244,-0.0005861194734297146,-0.0009796220381650656,-0.000991068814564093,-0.0005834709065601758,0.00643576529079388,-0.0010162619261242139,0.0017763755887678521,0.000911748032718115,0.005844948426821774,-0.0026694067168188886,-0.000757934219435367,0.03193620963590551,0.00420848671022938,0.005404460911485566,0.004306263324501978,0.008484529295908446,0.009743641580523647
TRD_wbc_twbbbj,0.00943843748777872,0.015377108960573427,-0.0001549367099667636,0.0019658389838725686,-0.0006399918223779442,-0.0018836122790793833,0.002971433230835494,0.002252880814336742,-2.404054946734436e-05,0.0026094485136000703,-0.0003597198841901135,0.0057598615269320586,0.0068468039612628205,0.0004455503358042335,0.0010167985303673624,0.0001338067730214008,0.001635946284067305,0.002922689085003657,0.002637921053566072,-0.0009408091998999171,0.0022720490865550933,-0.002099467158059016,0.0034044270666276385,0.0037622150924913234,0.003984014801797438,0.00287095933747147,0.004262572833994956,-0.007510560360254907,0.0013840205654699026,-0.006951497400254345,0.0007077110869895339,-0.0002942898340980829,-0.00018397547861899016,0.0025235812699016986,-0.0005933660794334032,0.011338099632699866,0.0049059073434470895,0.004243279152106154,-0.00081646272919745,0.0011888482509719396,0.00016192250581020478,0.005588914830622464,-0.003536620128868797,-0.0015937736395248267,0.00420848671022938,0.030384902820877677,0.00408467423457346,0.0035926362884092463,0.0035087501154933668,0.006410265514881416
TRD_wc_twb,0.001746984118459956,0.001875727880295696,0.0004914866631554956,0.0011183861667478107,0.000228845716749832,-0.0027698014371385356,0.0015152611404316662,0.003147233632071288,-0.0026207352879722354,0.004150432278678875,0.0006907893572873264,0.013565714436227765,0.022004586359571126,0.0007135962441619045,0.00203396382101449,-0.00038692754163767207,0.0004354491498533593,0.002055032459675192,0.004707283254059207,0.001206909821091143,0.004136160912337217,0.0024214199289901775,0.0040623117605991105,0.000401656197463337,0.005052539064837168,0.01419755331264161,0.00045405388101915157,-0.007878366407215913,0.00048049964370822286,0.009678491061702555,0.0012499221007928392,0.0006997325347140146,0.001555587820587157,0.0023552421762100956,-0.0008668053159441685,0.0009887132626110468,0.0023958319359859664,0.0057345864521128964,-0.0012391935637018916,0.0019450758334493123,0.0006633828539860158,0.011003890193506716,-0.001779348923856177,-0.00099993662970727,0.005404460911485566,0.00408467423457346,0.014574911600597443,0.009142066465423692,0.02381851465208461,0.005167101356649397
TRD_whr_twb,0.0013433893787612458,0.0017815935286407756,0.0002893334677785484,0.0007145566982120855,-0.00012397396980932905,-0.002207369654351535,0.0007986233956661795,0.001587581476885574,0.0003829709544715555,0.00456389428960445,0.001597293938032925,0.007982471066582574,0.01130388223990099,0.0007034977261468567,0.0018910740482613584,-0.0005475221043968216,-0.00057765611047023,0.0013725264581342426,0.002672905318513437,-0.0001467943418127934,0.004066975718166321,-0.00034654771430384497,0.005141527866406763,0.0008191709861658431,0.005011627231312669,0.003951934328187466,0.0005519563715650014,-0.007174099928505853,0.0017237812889168808,-0.0017662866659044374,0.0007870505948919668,0.0009802760187176518,0.0014429100194282378,0.0017976715739478487,-0.0007522216063213546,0.0017663461173377324,0.0020803798805095622,0.004103850174968526,-0.0002269055650957621,0.0013457437611384122,0.0005368361677376224,0.00980675777844536,-0.0015158099885959461,-7.427885748930123e-05,0.004306263324501978,0.0035926362884092463,0.009142066465423692,0.010577260940250239,0.0096568540758521,0.005866703463933012
TRD_wt_twbbbj,0.002500094824768541,0.0009726877477551279,0.00042690101620508267,0.002617364212026304,0.001650999305480313,-0.0034612394479351057,0.002242151945280473,0.004969464938637124,-0.005996559183513813,0.004233444744151006,-0.00018276479397851564,0.02129351131732933,0.04186472671831462,0.0013284785066983236,0.0022597192760548095,4.865472374402936e-05,0.005806395418840894,0.003724797447136902,0.008694413719984138,0.005050891786635231,0.005159308832906206,0.009175888599219143,0.0035041580701787194,-2.8805077478193663e-06,0.0046784141396297605,0.028733934199859708,0.00030474089792057216,-0.01128661657347424,-0.0017480077920440406,0.04209555145486695,0.002541643440165426,-0.0010128319037615468,0.001974317996778527,0.0036221449172242504,-0.0016081458098911594,-0.002865993676065964,0.002603532060948163,0.00840421652172869,-0.002211184607861533,0.0028084650149854174,0.0009905319689933801,0.012784345662732358,-0.0017956938760499282,-0.0038447855856229398,0.008484529295908446,0.003508750115493367,0.023818514652084607,0.0096568540758521,0.05529673623709942,0.006000558480498878
TRD_tg_twbbbj,0.003952880827240246,0.003489283815955323,-0.0004915037167569724,0.0023482787229135082,-0.0005878165594436291,-0.0026424319973357645,0.0029567770893302973,0.00264039094017882,0.004914650579582041,0.003211601736783754,0.00048122216472307953,0.006121257315741567,0.007991552450690739,0.0011559088697226374,0.003913920622376436,-5.715611922324004e-06,0.0037673805302792305,0.0034979044116742646,0.0037314700800319773,-0.0002593979805294246,0.004473867290504896,-0.00042939434651455657,0.008984724934517213,0.0004624455395848923,0.006158299793475423,0.0022857833971287865,0.000282110106267254,-0.020423911646638232,0.0025195850623826984,-0.0031714389883136847,0.0009744316765573545,0.004266674304089349,0.0014403161103327719,0.0026607317351449687,-0.001332931340621042,0.004768843126487197,0.0038199069125064524,0.005225970926210814,-0.001020521472042519,0.001450073061136006,0.0011059938728837293,0.009549921266490057,-0.002958380368992774,0.005624502291031732,0.009743641580523647,0.006410265514881416,0.005167101356649397,0.005866703463933013,0.006000558480498877,0.029808146938001413
